time_s,pressure_atm,force_N,position_mm
0.6102299690246582,-0.0029500791340446152,0.002,89.88
0.6486579994360606,-0.0029510065047162093,0.002,89.8677221706629
0.687086029847463,-0.0029570632124281057,0.002,89.85544434132579
0.7255140602588653,-0.0029540562271835225,0.002,89.8431665119887
0.7639420906702677,-0.002948749895446325,0.002,89.8308886826516
0.8023701210816702,-0.0029391965498687038,0.002,89.81863007880186
0.8407981514930725,-0.002931618949773853,0.002,89.80652217194682
0.8792261819044749,-0.0029301936373068308,0.002,89.7944142650918
0.9176542123158773,-0.0029472756628965906,0.002,89.78230635823677
0.9560822427272797,-0.002939076082907524,0.002,89.77019845138173
0.9945102731386821,-0.002932936049792714,0.002,89.75772367631563
1.0329383035500843,-0.002926883009767298,0.002,89.7432894485855
1.0713663339614867,-0.0029343334830142388,0.002,89.72885522085537
1.1097943643728891,-0.002941082040714327,0.002,89.71442099312523
1.1482223947842916,-0.0029429109974224623,0.002,89.69999121645684
1.186650425195694,-0.002955872872816298,0.002,89.69041150756091
1.2250784556070964,-0.002947073007121538,0.002,89.68083179866498
1.2635064860184988,-0.0029448071121678204,0.002,89.67125208976906
1.3019345164299012,-0.002951523287096217,0.002,89.66167238087313
1.3403625468413036,-0.0029575735576437834,0.002,89.64418012551917
1.378790577252706,-0.0029458048741134303,0.002,89.62501438560557
1.4172186076641085,-0.0029531883405096364,0.002,89.60584864569196
1.4556466380755106,-0.0029594855960345273,0.002,89.58668290577837
1.494074668486913,-0.002941321155271415,0.0023121798970278055,89.57063460308916
1.5325026988983155,-0.002948232513013016,0.002791490816957703,89.55625527549127
1.5709307293097179,-0.0029500791340446152,0.0032708017368876007,89.54187594789337
1.6093587597211203,-0.0029500791340446152,0.0037501126568174987,89.52749662029547
1.6477867901325227,-0.0029491787532738836,0.003770583586716524,89.51541167173433
1.686214820543925,-0.00294225257399718,0.0032912876326699533,89.5058257526534
1.7246428509553273,-0.002946818152733227,0.00281199167862338,89.49623983357247
1.7630708813667297,-0.0029532743765362684,0.002332695724576807,89.48665391449154
1.8014989117781322,-0.0029565789110908174,0.002,89.4755312981078
1.8399269421895346,-0.002950518849480025,0.002,89.46092128866563
1.878354972600937,-0.0029500791340446152,0.002,89.44631127922348
1.9167830030123394,-0.002938204737953366,0.002,89.43170126978133
1.9552110334237418,-0.0029233729241962395,0.0020954253871300946,89.4180914922574
1.9936390638351442,-0.0029175831671551158,0.0025747277550122244,89.40850544489976
2.032067094246546,-0.002923640684088872,0.0030540301228943485,89.39891939754212
2.070495124657949,-0.0029390654759929957,0.003533332490776484,89.38933335018447
2.108923155069351,-0.002947166753456356,0.003987035276850503,89.37961105830551
2.147351185480754,-0.0029419036482236653,0.0034952195254921306,89.36485658576476
2.185779215892156,-0.0029488167851540676,0.003003403774133769,89.35010211322401
2.2242072463035587,-0.002944423330991041,0.0025115880227753965,89.33534764068325
2.2626352767149607,-0.002941082040714327,0.002019772271417035,89.32059316814251
2.301063307126363,-0.002938472073407899,0.002,89.31080330219197
2.3394913375377655,-0.0029263608537519227,0.002,89.30122138646881
2.377919367949168,-0.0029364053805457195,0.002,89.29163947074565
2.4163473983605703,-0.0029373701180284146,0.002,89.28205755502249
2.4547754287719727,-0.002935094302818521,0.002,89.26841394335511
2.493203459183375,-0.002941166586773461,0.002,89.25365965089739
2.5316314895947776,-0.0029480760016331784,0.002,89.23890535843967
2.57005952000618,-0.0029451687104246078,0.002,89.22415106598194
2.6084875504175824,-0.0029361230673192107,0.002,89.20967224769109
2.646915580828985,-0.0029266565745336933,0.002,89.1953012750117
2.6853436112403872,-0.00293874864391879,0.002,89.18093030233231
2.7237716416517896,-0.0029361953732663375,0.002,89.16655932965294
2.7621996720631916,-0.00293627194845137,0.002,89.15189089394524
2.800627702474594,-0.002941082040714327,0.002,89.13697268260701
2.8390557328859964,-0.002941082040714327,0.002,89.1220544712688
2.877483763297399,-0.002941082040714327,0.002,89.10713625993057
2.9159117937088013,-0.0029374362659008862,0.002,89.09249934206711
2.9543398241202037,-0.0029313841567232004,0.002,89.07812037792854
2.992767854531606,-0.0029253303232042427,0.002,89.06374141378998
3.0311958849430085,-0.002931386308579301,0.002,89.04936244965141
3.069623915354411,-0.0029374414251155854,0.002,89.03660417132171
3.1080519457658133,-0.002938670041206202,0.002,89.02687062048462
3.1464799761772158,-0.002934460946563066,0.002,89.0171370696475
3.184908006588618,-0.002947433456377957,0.002,89.0074035188104
3.2233360370000206,-0.002939763225803719,0.002,88.99770546521937
3.261764067411423,-0.002933205896716993,0.002,88.98812020172134
3.3001920978228254,-0.0029343702134112296,0.002,88.97853493822333
3.338620128234228,-0.0029404336615985504,0.002,88.96894967472531
3.3770481586456302,-0.0029248820989985565,0.0020323134229080797,88.95870746308367
3.415476189057032,-0.002924615093099931,0.002519629571960122,88.9392148171216
3.4539042194684346,-0.00293496804827416,0.00300694572101217,88.9197221711595
3.492332249879837,-0.002941009738021303,0.0034942618700642184,88.90022952519743
3.5307602802912395,-0.0029479186058571877,0.003981578019116266,88.88073687923534
3.569188310702642,-0.0029328158869346274,0.0035391305133820883,88.87078261026764
3.6076163411140443,-0.0029151076082456246,0.0030601543207124954,88.86120308641425
3.6460443715254467,-0.0029106117856523314,0.002581178128042902,88.85162356256086
3.684472401936849,-0.002922718154329374,0.002102201935373309,88.84204403870747
3.7229004323482515,-0.0029300734283145575,0.002,88.82868888996276
3.761328462759654,-0.002939461253000633,0.002,88.81430958374533
3.7997564931710563,-0.002945521189739145,0.002,88.7999302775279
3.8381845235824588,-0.002920432475246575,0.002,88.78555097131047
3.876612553993861,-0.0029395709488000375,0.002,88.77394941980204
3.9150405844052636,-0.0029500791340446152,0.002,88.76409443056833
3.953468614816666,-0.0029464689344978695,0.002,88.75423944133463
3.991896645228068,-0.002933512246324297,0.002,88.74438445210093
4.03032467563947,-0.002927293212667339,0.0022659591191463097,88.7320212264256
4.068752706050873,-0.0029335123475060514,0.0027450755554630753,88.71764773333611
4.107180736462276,-0.002941082040714327,0.003224191991779841,88.7032742402466
4.145608766873678,-0.002941082040714327,0.0037033084280965957,88.6889007471571
4.18403679728508,-0.002941082040714327,0.0038133333485418155,88.67626666697085
4.2224648276964825,-0.0029317241500699353,0.003323076381031174,88.66646152762063
4.260892858107885,-0.002925329752719658,0.002832819413520532,88.65665638827042
4.299320888519287,-0.002927387688432495,0.0023425624460099016,88.6468512489202
4.337748918930689,-0.0029395045146529443,0.002,88.63566912267505
4.376176949342092,-0.002925271581397725,0.002,88.62129321514365
4.414604979753495,-0.0029243457937161974,0.002,88.60691730761226
4.453033010164897,-0.00293482495158229,0.002,88.59254140008086
4.491461040576299,-0.0029408801859097827,0.002,88.57877697867038
4.529889070987702,-0.0029293737179376155,0.002,88.5691929120924
4.568317101399105,-0.002925329752719658,0.002,88.55960884551443
4.606745131810507,-0.0029275326250912024,0.002,88.55002477893647
4.645173162221909,-0.0029335889101121376,0.002,88.5404407123585
4.683601192633311,-0.0029396427872493617,0.002,88.52172888201694
4.722029223044713,-0.0029364693308013977,0.002,88.50257709078144
4.760457253456116,-0.002933205896716993,0.002,88.48342529954594
4.798885283867518,-0.0029352792992612484,0.002,88.46427350831044
4.837313314278921,-0.00294824302824046,0.002,88.44857277902925
4.875741344690323,-0.002944144170920199,0.002,88.43386330270485
4.914169375101725,-0.0029377073564558747,0.002,88.41915382638045
4.952597405513128,-0.0029316522798565063,0.002,88.40444435005605
4.99102543592453,-0.0029256035948473803,0.002,88.39332043006283
5.029453466335933,-0.00291954992521036,0.002,88.38374889891168
5.067881496747335,-0.002921410556657971,0.002,88.37417736776054
5.1063095271587375,-0.002921061868341311,0.002,88.36460583660939
5.1447375575701395,-0.0029102008210848468,0.002,88.3525018210567
5.183165587981542,-0.0029223214650495803,0.002,88.33804884721206
5.221593618392944,-0.002925329752719658,0.002,88.32359587336744
5.260021648804347,-0.002930770588924231,0.002,88.3091428995228
5.298449679215749,-0.0029392798583999734,0.002,88.29642689567126
5.336877709627152,-0.002927171584444723,0.002,88.28670161118796
5.375305740038554,-0.002925329752719658,0.002,88.27697632670466
5.413733770449957,-0.0029286367464300585,0.002,88.26725104222135
5.452161800861359,-0.002933205896716993,0.002,88.25634871593195
5.490589831272762,-0.002933205896716993,0.002,88.24199693767763
5.529017861684164,-0.002933205896716993,0.002,88.2276451594233
5.567445892095566,-0.002933205896716993,0.002,88.21329338116898
5.6058739225069685,-0.002935272257295699,0.002,88.19929298126391
5.6443019529183704,-0.002940844223123144,0.002,88.18970586480015
5.682729983329773,-0.0029347794134503024,0.002,88.18011874833638
5.721158013741175,-0.002933205896716993,0.002,88.17053163187262
5.759586044152578,-0.002933205896716993,0.002,88.16094451540886
5.79801407456398,-0.0029323793735769243,0.002,88.14703725497776
5.836442104975383,-0.0029263250056113274,0.002,88.13265786323808
5.874870135386785,-0.002925329752719658,0.002,88.11827847149839
5.913298165798188,-0.002925329752719658,0.002,88.1038990797587
5.95172619620959,-0.002926746233370987,0.002,88.09301454831781
5.990154226620993,-0.0029328062949817795,0.002,88.08343023953016
6.028582257032395,-0.002938854976507162,0.002,88.0738459307425
6.0670102874437974,-0.002933441686819237,0.002,88.06426162195484
6.105438317855199,-0.002925329752719658,0.002,88.0520186156656
6.143866348266602,-0.002925329752719658,0.002,88.03764691685701
6.182294378678004,-0.002925329752719658,0.002,88.02327521804843
6.220722409089406,-0.0029297379801341726,0.002,88.00890351923982
6.259150439500809,-0.0029306224651789287,0.0021847953564406455,87.99630409287118
6.297578469912211,-0.0029245748805887474,0.002670482260207066,87.98659035479585
6.336006500323614,-0.002918518230670139,0.003156169163973498,87.97687661672053
6.374434530735016,-0.0029324277637028584,0.0036418560677399184,87.9671628786452
6.412862561146419,-0.002941082040714327,0.003874198721759215,87.95496794887036
6.451290591557821,-0.002941082040714327,0.003395144230578705,87.93580576922314
6.4897186219692236,-0.002941082040714327,0.002916089739398184,87.91664358957593
6.5281466523806255,-0.0029299261787388373,0.002437035248217674,87.8974814099287
6.566574682792028,-0.002937121788473056,0.002,87.87873893732949
6.60500271320343,-0.0029459467620654247,0.002,87.86436176883794
6.643430743614833,-0.002933205896716993,0.002,87.84998460034639
6.681858774026235,-0.002933205896716993,0.002,87.83560743185484
6.720286804437638,-0.002920172191756044,0.002,87.82123026336328
6.75871483484904,-0.002909577464724988,0.002,87.81082106198419
6.797142865260442,-0.0029116808289521407,0.002,87.80078317571824
6.835570895671845,-0.002929825154919272,0.002,87.79074528945229
6.873998926083247,-0.0029282809008107083,0.002,87.78070740318636
6.91242695649465,-0.0029315328396392103,0.002,87.76663703164138
6.950854986906052,-0.0029359688441700157,0.002,87.75226093177443
6.9892830173174545,-0.0029117528736936423,0.002,87.73788483190748
7.0277110477288565,-0.00292610528479964,0.002,87.72350873204053
7.066139078140259,-0.0029221351419143463,0.002,87.71275473268894
7.104567108551661,-0.00291518416412616,0.002,87.70317019592802
7.142995138963064,-0.0029332424706673957,0.002,87.69358565916711
7.181423169374466,-0.0029393004790199294,0.002,87.6840011224062
7.219851199785869,-0.002928266766523417,0.0022792147171883646,87.67162355848436
7.258279230197271,-0.0029223484565019707,0.002758517085070486,87.6572444874479
7.296707260608674,-0.0029325817820324437,0.003237819452952619,87.64286541641142
7.335135291020076,-0.0029265257099860627,0.0037171218208347403,87.62848634537497
7.373563321431478,-0.0029454177355118477,0.00380365551029064,87.61410966530872
7.411991351842881,-0.0029423924647421613,0.003324547619083009,87.5997364285725
7.450419382254283,-0.0029186651949754407,0.0028454397278753893,87.58536319183627
7.488847412665685,-0.002924717859818985,0.0023663318366677582,87.57098995510003
7.527275443077087,-0.00291988729409389,0.002,87.55774438168847
7.56570347348849,-0.0029138315436319944,0.002,87.54816181084027
7.604131503899892,-0.002913177949986553,0.002,87.53857923999207
7.642559534311295,-0.0029252760117343627,0.002,87.52899666914388
7.680987564722697,-0.002925329752719658,0.002,87.51912084167203
7.7194155951341,-0.002925329752719658,0.002,87.50474198442977
7.757843625545502,-0.002927716578158852,0.002,87.4903631271875
7.796271655956905,-0.002933205896716993,0.002,87.47598426994524
7.834699686368307,-0.002933205896716993,0.002,87.46160541270298
7.87312771677971,-0.0029236278825824067,0.002,87.44708608117249
7.9115557471911115,-0.0029174536087223225,0.002,87.43254909432544
7.949983777602514,-0.002919736363598823,0.002,87.41801210747839
7.988411808013916,-0.002931818018111741,0.002,87.40347512063134
8.026839838425317,-0.002927839601562915,0.002,87.39270872012088
8.06526786883672,-0.0029288780985258956,0.002,87.38312686136088
8.103695899248123,-0.0029297524832020204,0.002,87.37354500260088
8.142123929659526,-0.002917645825885004,0.002,87.36396314384088
8.180551960070929,-0.0029234080746524363,0.002288706382177161,87.35422587235645
8.218979990482332,-0.002925329752719658,0.00278105095152276,87.34437898096954
8.257408020893733,-0.0029230144216991403,0.003273395520868336,87.33453208958262
8.295836051305136,-0.0029179397310633453,0.003765740090213935,87.32468519819571
8.334264081716537,-0.0029239969878664942,0.003748971095294768,87.30995884381178
8.37269211212794,-0.002920612485968058,0.003270086692822578,87.29080346771289
8.411120142539342,-0.0029232404979680966,0.0027912022903503883,87.27164809161401
8.449548172950745,-0.002929985735239928,0.0023123178878781984,87.25249271551512
8.487976203362148,-0.002911830943421728,0.0021753805777973284,87.23473858266608
8.526404233773551,-0.0029148851134300764,0.0026796057121733496,87.2196118286348
8.564832264184952,-0.0029209379081240384,0.0031838308465493475,87.20448507460353
8.603260294596355,-0.0029269872167085116,0.0036880559809253687,87.18935832057224
8.641688325007756,-0.002933041007237226,0.003817374718039766,87.1763474943608
8.680116355419159,-0.0029273106421141715,0.003338470395103363,87.16676940790207
8.718544385830562,-0.00292939972306169,0.002859566072166959,87.15719132144335
8.756972416241965,-0.002933205896716993,0.0023806617492305557,87.14761323498462
8.795400446653366,-0.002932782592287054,0.002,87.13704889094834
8.833828477064769,-0.0029267363272243974,0.002,87.1226630821387
8.872256507476171,-0.0029114014600423667,0.002,87.10827727332905
8.910684537887574,-0.0029129955287318424,0.002,87.09389146451942
8.949112568298975,-0.002933205896716993,0.002,87.07967061451306
8.987540598710378,-0.002933205896716993,0.002,87.07008523700708
9.025968629121781,-0.0029384406814920057,0.002,87.06049985950108
9.064396659533184,-0.002937668238471095,0.002,87.05091448199508
9.102824689944585,-0.002931614106321302,0.002,87.04132910448908
9.141252720355988,-0.0029255639511136496,0.0024125486787462806,87.02762353963762
9.17968075076739,-0.0029311480387998975,0.0028915099264278086,87.01325470220718
9.218108781178792,-0.0029252095553834435,0.003370471174109315,86.99888586477672
9.256536811590195,-0.0029174536087223225,0.003849432421790843,86.98451702734629
9.294964842001598,-0.0029181558065563,0.0036717307054414334,86.97343461410883
9.333392872413,-0.0029302628679924027,0.0031929508582235373,86.96385901716447
9.371820902824402,-0.002928623312200912,0.0027141710110056634,86.95428342022011
9.410248933235804,-0.0029308459875092415,0.0022353911637877674,86.94470782327575
9.448676963647207,-0.002941082040714327,0.002,86.93269197893873
9.48710499405861,-0.002941082040714327,0.002,86.91831607140733
9.525533024470011,-0.002915232272671448,0.002,86.90394016387593
9.563961054881414,-0.0029083908943491805,0.002,86.88956425634454
9.602389085292817,-0.0029174536087223225,0.002,86.87674391184224
9.64081711570422,-0.0029174536087223225,0.002,86.86701560435436
9.67924514611562,-0.002928961093308026,0.002,86.8572872968665
9.717673176527024,-0.0029253441082678594,0.002,86.84755898937864
9.756101206938427,-0.0029174536087223225,0.002,86.83562277114878
9.79452923734983,-0.0029177394798722365,0.002,86.81599308750383
9.83295726776123,-0.0029237916830173183,0.002,86.79636340385886
9.871385298172633,-0.002929845780821704,0.002,86.77673372021391
9.909813328584036,-0.0029358974560350836,0.002,86.75788195254765
9.948241358995437,-0.00293935482020362,0.002,86.74352520999048
9.98666938940684,-0.0029272542791084887,0.002,86.7291684674333
10.025097419818243,-0.0029355161567618904,0.002,86.71481172487611
10.063525450229646,-0.0029345304346203127,0.002,86.70045498231894
10.101953480641047,-0.002925329752719658,0.0024638292566103834,86.69072341486779
10.14038151105245,-0.002925329752719658,0.0029428389009664084,86.68114322198068
10.178809541463853,-0.0029366905306089965,0.003421848545322433,86.67156302909355
10.217237571875255,-0.002929512139984357,0.0039008581896784575,86.66198283620643
10.255665602286657,-0.0029235570107843936,0.004,86.64825615203449
10.29409363269806,-0.002940637673635177,0.004,86.63344727396345
10.332521663109462,-0.002928541513953332,0.004,86.6186383958924
10.370949693520865,-0.00292977239642824,0.004,86.60382951782137
10.409377723932266,-0.002930585305368609,0.0036448630106453166,86.59289726021291
10.447805754343669,-0.002925329752719658,0.0031658569252014388,86.58331713850403
10.486233784755072,-0.002925329752719658,0.002686850839757561,86.57373701679515
10.524661815166473,-0.002920301732267831,0.0022078447543137053,86.56415689508627
10.563089845577876,-0.0029238774252150802,0.002278721500452614,86.55163835498642
10.601517875989279,-0.0029262463613397914,0.002771082613685085,86.53686752158944
10.639945906400682,-0.002896019067119428,0.003263443726917557,86.52209668819248
10.678373936812083,-0.002910671693766182,0.0037558048401500057,86.5073258547955
10.716801967223486,-0.0029136613166009335,0.0044828447789965285,86.49517155221004
10.755229997634888,-0.0029115463110191866,0.005440808551483957,86.48559191448516
10.793658028046291,-0.0029171586456629628,0.006398772323971386,86.47601227676029
10.832086058457692,-0.002905046212654765,0.007356736096458771,86.4664326390354
10.870514088869095,-0.002901701320727653,0.008646011590666481,86.45515491306999
10.908942119280498,-0.002896600443528943,0.010612506532458993,86.44040620100655
10.947370149691901,-0.0028859490327329835,0.012579001474251504,86.42565748894312
10.985798180103302,-0.0028859490327329835,0.014545496416043923,86.41090877687968
11.024226210514705,-0.00287603198089663,0.017497171373611252,86.39625707156598
11.062654240926108,-0.0028603461216347723,0.023247619868766625,86.38188095032808
11.101082271337509,-0.0028441352944794662,0.02899806836392173,86.3675048290902
11.139510301748912,-0.0028380833510088174,0.0347485168590771,86.3531287078523
11.177938332160315,-0.00280983633850654,0.04068257333345547,86.33914678333318
11.216366362571717,-0.002786461081726014,0.04854905697787588,86.32931367877765
11.254794392983118,-0.002769605432331085,0.05641554062229592,86.31948057422213
11.293222423394521,-0.0027573421440377343,0.06428202426671632,86.3096474696666
11.331650453805924,-0.002733124094669618,0.07217195524569969,86.29972849171732
11.370078484217327,-0.00269532685258026,0.08128044729514657,86.28534666216555
11.408506514628728,-0.0026748543405694827,0.09038893934459301,86.2709648326138
11.446934545040131,-0.002682302046000167,0.09949743139403988,86.25658300306203
11.485362575451534,-0.002652057900426947,0.10860592344348675,86.24220117351028
11.523790605862937,-0.0026211073757842606,0.11892813935950869,86.22782526450976
11.562218636274338,-0.0025934713160319085,0.12946968802861075,86.21345042541553
11.60064666668574,-0.0025704871145142776,0.14001123669771331,86.1990755863213
11.639074697097143,-0.0025523254831026033,0.15055278536681588,86.18470074722707
11.677502727508546,-0.0025396321484400745,0.1615583184631563,86.17014132374372
11.715930757919947,-0.002512376330301626,0.1727893066760788,86.15549220868338
11.75435878833135,-0.0024809446208556374,0.18402029488900185,86.14084309362305
11.792786818742753,-0.002462759689176108,0.19525128310192486,86.12619397856271
11.831214849154154,-0.002437700027907748,0.20610199301936408,86.11722636680938
11.869642879565557,-0.002413213058430039,0.21667412250102402,86.11242085340862
11.90807090997696,-0.0023962403749365653,0.22724625198268394,86.10761534000787
11.946498940388363,-0.002388304041207583,0.2378183814643439,86.10280982660711
11.984926970799764,-0.0023632318343369757,0.24857780268913834,86.09203860401888
12.023355001211167,-0.0023340302358586793,0.2596009212660587,86.07286796301554
12.06178303162257,-0.0023097694200885986,0.27062403984297906,86.05369732201221
12.100211062033972,-0.002290420490937159,0.2816471584198994,86.03452668100887
12.138639092445374,-0.002266220908101471,0.2927872420798391,86.0165159474002
12.177067122856776,-0.002241189847887473,0.3042932019428965,86.00213349757138
12.21549515326818,-0.0022125128056189316,0.31579916180595397,85.98775104774255
12.253923183679582,-0.002185187917648403,0.32730512166901143,85.97336859791373
12.292351214090983,-0.002167024467249828,0.3388444571290395,85.95932443429676
12.330779244502386,-0.002154875550785401,0.3508238814515536,85.94974089483875
12.369207274913789,-0.0021296450831104546,0.3628033057740676,85.94015735538075
12.40763530532519,-0.002101173192254815,0.3747827300965811,85.93057381592274
12.446063335736593,-0.002076357048689392,0.38676215441909517,85.92099027646472
12.484491366147996,-0.00204524535014773,0.3991713083148021,85.90711002886754
12.522919396559399,-0.0020338158835547125,0.41162998368830633,85.8927346342058
12.5613474269708,-0.002013522137271978,0.42408865906181,85.87835923954407
12.599775457382203,-0.001982336502624678,0.43654733443531424,85.86398384488233
12.638203487793605,-0.0019702063060405123,0.44900582239055503,85.85307244431496
12.676631518205008,-0.0019252642367769092,0.4614642384945989,85.84348904731185
12.71505954861641,-0.0018940784067367701,0.4739226545986422,85.83390565030874
12.753487579027812,-0.0018756783074417715,0.48638107070268605,85.82432225330562
12.791915609439215,-0.0018566569804379972,0.49910827082713466,85.81210192130318
12.830343639850618,-0.0018384441085073277,0.5120562884558171,85.7977152350491
12.868771670262019,-0.0018067618715234806,0.5250043060844989,85.783328548795
12.907199700673422,-0.0017716718808359331,0.5379523237131812,85.76894186254091
12.945627731084825,-0.0017419588131010535,0.5510770544845461,85.75637353251105
12.984055761496226,-0.0017185918673810437,0.5644919956859034,85.74679143165292
13.022483791907629,-0.0016985917255537834,0.5779069368872612,85.73720933079481
13.060911822319031,-0.0016771056036288296,0.5913218780886191,85.7276272299367
13.099339852730434,-0.001651685149300761,0.6047141260386285,85.71698430440152
13.137767883141835,-0.0016205390129960951,0.6180178327738949,85.70220240802901
13.176195913553238,-0.0015954558436748801,0.6313215395091618,85.68742051165648
13.214623943964641,-0.0015747001799975428,0.6446252462444287,85.67263861528396
13.253051974376044,-0.0015514130105702105,0.6580146981765794,85.65861055298167
13.291480004787445,-0.0015142269309875455,0.6719097770009052,85.64902773999937
13.329908035198848,-0.0014954471408496505,0.6858048558252315,85.63944492701708
13.36833606561025,-0.0014726700570167313,0.6996999346495579,85.6298621140348
13.406764096021654,-0.0014501233611349932,0.7135950134738843,85.62027930105249
13.445192126433055,-0.0014307986306334299,0.7270167906758189,85.60605343856163
13.483620156844458,-0.0013944648229979118,0.7404243588734257,85.59168818692133
13.52204818725586,-0.0013574799096190977,0.7538319270710324,85.57732293528105
13.560476217667262,-0.0013346772956666368,0.7672394952686385,85.56295768364075
13.598904248078664,-0.0013245702508918624,0.7814131965859726,85.54478240455204
13.637332278490067,-0.0012934302531444973,0.7957855361577479,85.525619285123
13.67576030890147,-0.0012630330781236822,0.8101578757295231,85.50645616569398
13.714188339312871,-0.0012322972177644716,0.8245302153012978,85.48729304626494
13.752616369724274,-0.0012045127598877474,0.838904169311288,85.47406388712581
13.791044400135677,-0.0011863172877352864,0.8532791152420887,85.46448058983862
13.82947243054708,-0.0011565879256025431,0.8676540611728893,85.45489729255141
13.86790046095848,-0.0011297170147527866,0.8820290071036894,85.4453139952642
13.906328491369884,-0.0011006230102312614,0.896485783449578,85.43351421655042
13.944756521781287,-0.0010648978547526068,0.911044414017984,85.41895558598202
13.98318455219269,-0.0010398787313293956,0.9256030445863901,85.4043969554136
14.02161258260409,-0.00101544276546506,0.9401616751547955,85.3898383248452
14.060040613015493,-0.0009881000345456391,0.9551278160444466,85.37689223270033
14.098468643426896,-0.0009571060123767663,0.9709433127074911,85.36730708320758
14.136896673838297,-0.0009268139468256417,0.9867588093705347,85.35772193371483
14.1753247042497,-0.0009068076165477324,1.0025743060335792,85.34813678422208
14.213752734661103,-0.0008782060045005068,1.0185338933172026,85.3378280914424
14.252180765072506,-0.0008410092202665643,1.0353029685882893,85.3234545983529
14.290608795483907,-0.0008038479266699325,1.0520720438593754,85.30908110526339
14.32903682589531,-0.0007731672557670064,1.068841119130462,85.2947076121739
14.367464856306713,-0.0007422999135448772,1.085610194401549,85.28033411908439
14.405892886718116,-0.0007114528853709734,1.1036681085031024,85.2704496710794
14.444320917129517,-0.0006806759327454721,1.1217566953148341,85.26067205658657
14.48274894754092,-0.0006374594502400521,1.1398452821265668,85.25089444209374
14.521176977952322,-0.000603838328325496,1.1579338689382994,85.24111682760092
14.559605008363725,-0.0005731529036163716,1.1757147055892385,85.22725834681954
14.598033038775126,-0.0005395120659518164,1.1934558571771392,85.21287362931584
14.63646106918653,-0.0004911852179343691,1.2111970087650408,85.19848891181213
14.674889099597932,-0.00045213354570966817,1.2289381603529423,85.18410419430843
14.713317130009335,-0.00041820993575672754,1.2480440879666395,85.17297795601668
14.751745160420736,-0.0003901645274530445,1.267694861974916,85.16315256901255
14.790173190832139,-0.0003719747910575035,1.2873456359831932,85.15332718200841
14.828601221243542,-0.0003190643757029745,1.3069964099914706,85.14350179500427
14.867029251654943,-0.0002795990038947125,1.3254063985329037,85.1307515687571
14.905457282066346,-0.0002450145871000091,1.3431292813361364,85.11638166378151
14.943885312477748,-0.00020201516176422406,1.3608521641393692,85.10201175880592
14.982313342889151,-0.00016568585708163862,1.378575046942602,85.08764185383032
15.020741373300552,-0.00014197777936947334,1.3971977093047276,85.07102662506855
15.059169403711955,-0.00011330141162512817,1.4168423591220796,85.05186111305163
15.097597434123358,-6.9168696910731e-05,1.4364870089394315,85.0326956010347
15.136025464534761,-7.806809862946427e-06,1.4561316587567832,85.01353008901778
15.174453494946162,2.35760815240065e-05,1.4759182937344453,84.99718176488835
15.212881525357565,4.54613420134384e-05,1.496045820932355,84.98759722812744
15.251309555768968,6.991424930531261e-05,1.5161733481302646,84.97801269136654
15.28973758618037,0.0001132399200347245,1.5363008753281744,84.96842815460563
15.328165616591772,0.00015561139961274106,1.5563987661443222,84.95824480526025
15.366593647003175,0.00019098576744860352,1.5762806556962752,84.94369708119784
15.405021677414577,0.00021990383124346902,1.5961625452482284,84.92914935713544
15.443449707825978,0.0002443307937193324,1.6160444348001806,84.91460163307305
15.481877738237381,0.0002806376003688066,1.6359263243521338,84.90005390901064
15.520305768648784,0.0003126574654416874,1.6560626048207898,84.89044637865678
15.558733799060187,0.00033824153571664463,1.67619983148357,84.88085722310306
15.597161829471588,0.00035854214172820344,1.696337058146349,84.87126806754937
15.635589859882991,0.00038883449641404036,1.716474284809129,84.86167891199565
15.674017890294394,0.0004247433823540126,1.7371666803285872,84.84802324628238
15.712445920705797,0.0004681462259261791,1.75797690782708,84.83350448291134
15.750873951117198,0.0005148695234216752,1.7787871353255718,84.8189857195403
15.7893019815286,0.0005520637574576044,1.7995973628240645,84.80446695616925
15.827730011940004,0.0005829264251605734,1.8202719809522117,84.79004280398682
15.866158042351406,0.000609513315061323,1.8408863351794191,84.77566069638645
15.904586072762807,0.0006318739327145103,1.8615006894066255,84.76127858878607
15.94301410317421,0.000650267177153085,1.882115043633833,84.74689648118569
15.981442133585613,0.0006934943715341602,1.9032193295292446,84.73501363132033
16.019870163997012,0.0007189989417144027,1.9247749877407263,84.7254333387819
16.058298194408415,0.0007448763904743156,1.9463306459522103,84.71585304624347
16.096726224819818,0.0007807044274219455,1.9678863041636943,84.70627275370502
16.13515425523122,0.0008049065477357578,1.9892772775188634,84.69503821987351
16.173582285642624,0.0008347266279265994,2.010355925729979,84.68066641427501
16.212010316054027,0.0008684870879368509,2.0314345739410946,84.66629460867652
16.25043834646543,0.0009012959005153841,2.05251322215221,84.65192280307804
16.288866376876832,0.0009203306606596978,2.073510737812129,84.63755064803804
16.327294407288235,0.0009495060831509218,2.094113265135752,84.62317679176576
16.365722437699638,0.0009802814367627455,2.114715792459375,84.60880293549346
16.40415046811104,0.0010093182255716975,2.135318319782998,84.59442907922116
16.442578498522444,0.001033486019741206,2.155920847106621,84.58005522294887
16.481006528933843,0.0010706482804140377,2.1774749815349543,84.57045556376224
16.519434559345246,0.0011114836380879895,2.199032786044736,84.56087431731345
16.55786258975665,0.0011395570366910242,2.220590590554517,84.55129307086466
16.596290620168052,0.0011491171523646622,2.242148395064298,84.54171182441587
16.634718650579455,0.001192330339345273,2.263427133187303,84.53189435665708
16.673146680990854,0.0012204854972652204,2.284645166387818,84.52202550400567
16.711574711402257,0.0012600126535636195,2.305863199588335,84.51215665135426
16.75000274181366,0.0013048380431822386,2.3270812327888524,84.50228779870287
16.788430772225063,0.0013048380431822386,2.3478360977414647,84.48868850161324
16.826858802636465,0.0013271103909203467,2.368451188498568,84.47396343678673
16.86528683304787,0.0013588150499674123,2.389066279255672,84.45923837196024
16.90371486345927,0.0013971583363089756,2.409681370012776,84.44451330713373
16.942142893870674,0.0014403581403868695,2.4309783641712923,84.43334294925721
16.980570924282073,0.0014708252177914585,2.4525767402836975,84.42374367098502
17.018998954693476,0.0014934191786298693,2.4741751163961054,84.41414439271284
17.05742698510488,0.0015237328966327865,2.495773492508513,84.40454511444067
17.095855015516282,0.001569738401881173,2.517608537120274,84.38990561989542
17.134283045927685,0.0015887791585991208,2.5396564132606363,84.3707335536864
17.172711076339088,0.0016260451533744056,2.5617042894009985,84.3515614874774
17.21113910675049,0.0016601134464946173,2.5837521655413602,84.33238942126837
17.24956713716189,0.0016872402883172939,2.6054630954647306,84.3149115258195
17.287995167573293,0.0017235253099342352,2.6265585474051596,84.30052826313285
17.326423197984695,0.0017552921474204518,2.6476539993455885,84.28614500044618
17.3648512283961,0.0017859409461463225,2.6687494512860175,84.27176173775953
17.4032792588075,0.001816467197813554,2.6900176040746877,84.2582532156197
17.441707289218904,0.0018476115509850149,2.7120605967540063,84.24866930575914
17.480135319630307,0.0018720024066805263,2.7341035894333245,84.23908539589856
17.51856335004171,0.0019049609637847484,2.7561465821126427,84.22950148603798
17.55699138045311,0.0019395679958141095,2.7781876559653793,84.21987489602309
17.595419410864512,0.0019703380990458612,2.800007535224297,84.20532830985047
17.633847441275915,0.002007454109369324,2.8218274144832143,84.19078172367786
17.672275471687318,0.002030026068932943,2.8436472937421318,84.17623513750524
17.71070350209872,0.002054288586439066,2.865467173001049,84.16168855133263
17.749131532510123,0.002088329758235684,2.8879085482194173,84.15152827735344
17.787559562921526,0.0021368336369744483,2.9104315399401215,84.1419440255574
17.825987593332925,0.002180713910214016,2.932954531660824,84.13235977376135
17.86441562374433,0.0022171066760925872,2.9554775233815285,84.12277552196531
17.90284365415573,0.002246434336308109,2.977970813864286,84.10980586349089
17.941271684567134,0.0022706422255971627,3.000451996884953,84.0954561722011
17.979699714978537,0.0023190098079514617,3.0229331799056194,84.08110648091132
18.01812774538994,0.0023436766988272593,3.045414362926286,84.06675678962152
18.056555775801343,0.002353609977439687,3.051260702136119,84.06156930392844
18.094983806212745,0.0023592973814920894,3.042303986476115,84.06453510381586
18.133411836624145,0.0023592973814920894,3.0333472708161118,84.06750090370328
18.171839867035548,0.0023547011418940944,3.0243905551561077,84.0704667035907
18.21026789744695,0.0023569765816905696,3.0154338394961036,84.07343250347812
18.248695927858353,0.0023671735254894243,3.0064771238360994,84.07639830336554
18.287123958269756,0.0023671735254894243,2.9975204081760953,84.07936410325296
18.32555198868116,0.00237754037098944,2.9885636925160917,84.08232990314038
18.363980019092562,0.002376202569759196,2.9796069768560876,84.08529570302778
18.402408049503965,0.002365630245915509,2.9706502611960834,84.0882615029152
18.440836079915364,0.0023595855355104853,2.96169354553608,84.09122730280262
18.479264110326767,0.0023889597583700408,2.952736829876076,84.09419310269004
18.51769214073817,0.002391348744762453,2.943780114216072,84.09715890257746
18.556120171149573,0.002385047154568656,2.9348233985560683,84.10012470246488
18.594548201560976,0.002391755903497601,2.925866682896064,84.1030905023523
18.63297623197238,0.002410757116302922,2.91690996723606,84.10605630223972
18.67140426238378,0.002415551338806387,2.907953251576056,84.10902210212714
18.70983229279518,0.002426361193818841,2.8989965359160528,84.11198790201456
18.748260323206583,0.002447937299074147,2.8900398202560487,84.11495370190197
18.786688353617986,0.0024539908586589483,2.8810831045960446,84.11791950178939
18.82511638402939,0.002434494121265115,2.872126388936041,84.12088530167681
18.863544414440792,0.0024365922715214013,2.8631696732760368,84.12385110156423
18.901972444852195,0.002451982629807492,2.8542129576160327,84.12681690145165
18.940400475263598,0.0024398923454591616,2.8452562419560286,84.12978270133907
18.978828505675,0.0024685257117596786,2.8362995262960244,84.13274850122649
19.0172565360864,0.0024713909189507206,2.827342810636021,84.13571430111391
19.055684566497803,0.002467210485730155,2.8183860949760176,84.13868010100133
19.094112596909206,0.0024797109387846763,2.8094293793160134,84.14164590088875
19.13254062732061,0.0024797109387846763,2.8004726636560093,84.14461170077615
19.17096865773201,0.0024841745405512305,2.791515947996005,84.14757750066357
19.209396688143414,0.002487587082782011,2.782559232336001,84.15054330055099
19.247824718554817,0.0024924650306724265,2.773602516675997,84.15350910043841
19.286252748966216,0.0025288167237285425,2.7646458010159938,84.15647490032583
19.32468077937762,0.002519708006111225,2.75568908535599,84.15944070021325
19.363108809789022,0.0025112155147740153,2.746732369695986,84.16240650010067
19.401536840200425,0.002516815864134328,2.737775654035982,84.16537229998809
19.439964870611828,0.002541013486555873,2.7288189383759778,84.16833809987551
19.47839290102323,0.002537084364774754,2.7198622227159737,84.17130389976293
19.516820931434633,0.0025424661331410504,2.7109055070559696,84.17426969965034
19.555248961846036,0.002552864207011773,2.701948791395966,84.17723549953776
19.593676992257436,0.002559593328090978,2.6929920757359627,84.18020129942518
19.63210502266884,0.002559593328090978,2.6840353600759586,84.1831670993126
19.67053305308024,0.002554576671492447,2.6750786444159544,84.18613289920002
19.708961083491644,0.002558669560250774,2.6661219287559503,84.18909869908744
19.747389113903047,0.0025768357208677895,2.657165213095946,84.19206449897486
19.78581714431445,0.0025889619222116897,2.6482084974359426,84.19503029886228
19.824245174725853,0.00257615952129809,2.6392517817759384,84.1979960987497
19.862673205137252,0.002544914823067471,2.630295066115935,84.20096189863712
19.901101235548655,0.002507191635833914,2.621338350455931,84.20392769852452
19.939529265960058,0.0024890619072803753,2.612381634795927,84.20689349841194
19.97795729637146,0.002470084104128009,2.603424919135923,84.20985929829936
20.016385326782864,0.002444123006878045,2.5944682034759188,84.21282509818678
20.054813357194266,0.0024135901996528647,2.585511487815915,84.2157908980742
20.09324138760567,0.002382516827054781,2.576554772155911,84.21875669796162
20.131669418017072,0.0023583501830808365,2.567598056495907,84.22172249784904
20.17009744842847,0.0023341105531897396,2.5586413408359037,84.22468829773646
20.208525478839874,0.0023045162404284917,2.5496846251758996,84.22765409762388
20.246953509251277,0.0022694860939770274,2.5407279095158954,84.2306198975113
20.28538153966268,0.0022512832295335187,2.5317711938558913,84.23358569739871
20.323809570074083,0.002222566389802003,2.5228144781958877,84.23655149728613
20.362237600485486,0.002194969285532368,2.5138577625358836,84.23951729717355
20.40066563089689,0.0021705730804445615,2.5049010468758794,84.24248309706097
20.439093661308288,0.002145500395397869,2.495944331215876,84.24544889694839
20.47752169171969,0.002121258231273584,2.486987615555872,84.24841469683581
20.515949722131094,0.0020970314110126025,2.478030899895868,84.25138049672323
20.554377752542496,0.0020669327252487465,2.4690741842358643,84.25434629661065
20.5928057829539,0.00202382191843343,2.4601174685758602,84.25731209649807
20.631233813365302,0.002005674739340164,2.449441553729743,84.26134655066856
20.669661843776705,0.001982618678744432,2.4221369896662717,84.27571737385986
20.708089874188108,0.0019603337041204207,2.3948324256028,84.29008819705116
20.746517904599507,0.001941596035993888,2.3675278615393314,84.30445902024245
20.78494593501091,0.0019173373774247742,2.34022329747586,84.31882984343375
20.823373965422313,0.0018827148086249946,2.3133486451423635,84.32880405530629
20.861801995833716,0.0018489992165619195,2.2865121017959376,84.33838853507288
20.90023002624512,0.0018185769089277166,2.259675558449512,84.34797301483945
20.93865805665652,0.0017874186428094177,2.232839015103086,84.35755749460604
20.977086087067924,0.0017679287628810105,2.2067255518770335,84.37070802673499
21.015514117479324,0.0017312127577763514,2.1808593770060143,84.38507812388555
21.053942147890726,0.0016893158412853372,2.154993202134993,84.39944822103611
21.09237017830213,0.0016651026421094976,2.1291270272639715,84.41381831818669
21.130798208713532,0.001646038269606451,2.1032551777344684,84.4281915679253
21.169226239124935,0.001627605454247154,2.0773790442340516,84.44256719764775
21.207654269536338,0.0015996424468001712,2.051502910733635,84.45694282737021
21.24608229994774,0.001558136796504328,2.0256267772332177,84.47131845709266
21.284510330359144,0.0015338993269204957,1.9996838450836179,84.48583933297154
21.322938360770543,0.001509652076106362,1.9736390677465712,84.5005816597661
21.361366391181946,0.001473163766444878,1.947594290409522,84.51532398656066
21.39979442159335,0.001430856545661808,1.921549513072473,84.5300663133552
21.43822245200475,0.0014187516199782098,1.8961834374834277,84.54312662500664
21.476650482416154,0.0013897928426801602,1.8722194236582017,84.55271223053673
21.515078512827557,0.001359152523265098,1.8482554098329758,84.56229783606682
21.55350654323896,0.0013303467073104715,1.82429139600775,84.5718834415969
21.59193457365036,0.0013053031576656848,1.8002286212887824,84.58150855148449
21.630362604061762,0.0012563927461736258,1.7756201877224629,84.59135192491101
21.668790634473165,0.0012324337353728327,1.7510117541561434,84.60119529833754
21.707218664884568,0.0012134027361468621,1.726403320589824,84.61103867176408
21.74564669529597,0.0011826056060318963,1.7019807267078952,84.62128889784603
21.784074725707374,0.0011454124064173307,1.679446211156689,84.63567263117659
21.822502756118777,0.0011136189683883775,1.656911695605483,84.65005636450715
21.86093078653018,0.001077151046930752,1.6343771800542768,84.6644400978377
21.89935881694158,0.0010328097053111012,1.6118426645030728,84.67882383116826
21.93778684735298,0.0009835485667393355,1.5893213126852428,84.6931991621158
21.976214877764384,0.0009508748119635115,1.5668011331329663,84.70757374480874
22.014642908175787,0.0009061950537764286,1.5442809535806898,84.72194832750169
22.05307093858719,0.0008609995552235951,1.5217607740284131,84.73632291019463
22.091498968998593,0.000842853154344622,1.499203319340019,84.75072128552765
22.129926999409996,0.0008003043166452913,1.476633051927704,84.76512783919507
22.168355029821395,0.0007628489103183595,1.4540627845153913,84.77953439286252
22.206783060232798,0.0007244466271141619,1.4314925171030763,84.79394094652994
22.2452110906442,0.0006796464232952877,1.4097904305035374,84.80832470647486
22.283639121055604,0.0006362963222754987,1.3887185150740364,84.82269192154043
22.322067151467007,0.0005937300061433653,1.3676465996445355,84.837059136606
22.36049518187841,0.0005449133474357658,1.3465746842150346,84.85142635167156
22.398923212289812,0.00048780880820356544,1.3255023900540934,84.86386254997541
22.437351242701215,0.00042642043912073495,1.3044295354249078,84.8734411202614
22.475779273112614,0.0003597950462364959,1.2833566807957242,84.8830196905474
22.514207303524017,0.0002825931772400623,1.2622838261665386,84.8925982608334
22.55263533393542,0.00020393269087822807,1.2414245828141122,84.90326815513278
22.591063364346823,0.0001425528087341353,1.2212916681784787,84.91764880844394
22.629491394758226,5.1241476817068474e-05,1.201158753542845,84.9320294617551
22.66791942516963,-2.079829834819615e-05,1.1810258389072112,84.94641011506627
22.70634745558103,-8.655222303012645e-05,1.1609457644423284,84.96052711777882
22.744775485992434,-0.0001596940770101621,1.1417737837516337,84.97011310812418
22.783203516403834,-0.00022718194220763843,1.1226018030609406,84.97969909846952
22.821631546815237,-0.0002848298851009662,1.1034298223702457,84.98928508881488
22.86005957722664,-0.0003259486603017989,1.0842578416795507,84.99887107916022
22.898487607638042,-0.0003527929569833949,1.0653603900595736,85.01559963431914
22.936915638049445,-0.0003890553487230618,1.0464995848912846,85.03328163916443
22.975343668460848,-0.0004312840034580947,1.0276387797229956,85.0509636440097
23.01377169887225,-0.000471195993230948,1.0093583802405046,85.06576107983966
23.05219972928365,-0.0005081702847984344,0.9916846156657775,85.07754358955614
23.090627759695053,-0.0005445146927027984,0.9740108510910487,85.08932609927263
23.129055790106456,-0.0005931263004250089,0.956337062203475,85.10166293779652
23.16748382051786,-0.0006346056276561471,0.938663039227153,85.11933696077284
23.20591185092926,-0.0006673084953537297,0.9209890162508308,85.13701098374916
23.244339881340665,-0.0006923986582887032,0.9033149932745088,85.15468500672549
23.282767911752067,-0.0007356402760893134,0.8868660480389278,85.1641236859115
23.32119594216347,-0.0007737110353415719,0.8709439467474012,85.17002076046393
23.35962397257487,-0.0008104089829629342,0.855021845455876,85.17591783501635
23.398052002986272,-0.0008448977953759889,0.8391904085954139,85.18554952854376
23.436480033397675,-0.0008630615922895721,0.8235628976892395,85.20358127189704
23.474908063809078,-0.0009074475946913703,0.807935386783065,85.22161301525031
23.51333609422048,-0.0009502027617957263,0.7923078758768906,85.23964475860359
23.551764124631884,-0.0009871742155309182,0.7773149524884094,85.25174803800927
23.590192155043287,-0.0010234910563206919,0.7623347822881146,85.2637321741695
23.628620185454686,-0.001049279981733866,0.7473546120878211,85.27571631032974
23.66704821586609,-0.00107767911810408,0.7332857357132145,85.28378881055947
23.70547624627749,-0.001105913282060112,0.7197238039622413,85.28968530262512
23.743904276688895,-0.0011307537012860986,0.7061618722112681,85.29558179469075
23.782332307100297,-0.0011739953190867058,0.6927471979407175,85.30443563917174
23.8207603375117,-0.0012033113774777549,0.6797726370507512,85.32212822220352
23.859188367923103,-0.0012357652354079592,0.6667980761607849,85.33982080523529
23.897616398334506,-0.0012757081333972186,0.6538235152708186,85.35751338826707
23.936044428745905,-0.0012938998125145932,0.6416132002671813,85.37558019959923
23.974472459157308,-0.0013278270821152375,0.6295278613502685,85.3937082079746
24.01290048956871,-0.001354944576276658,0.6174425224333556,85.41183621634997
24.051328519980114,-0.0013815799695704387,0.605110038885288,85.42328093386415
24.089756550391517,-0.0014369636643452367,0.592575067401166,85.42924996790421
24.12818458080292,-0.0014642456539451661,0.580040095917044,85.43521900194426
24.166612611214322,-0.0014887967987892675,0.5675378047688481,85.44234494783919
24.20504064162572,-0.0015110468452689324,0.5551670286796123,85.45412663935275
24.243468672037125,-0.0015295839273401545,0.5427962525903753,85.46590833086631
24.281896702448527,-0.0015668579441550788,0.5304254765011384,85.47769002237987
24.32032473285993,-0.0015903057901066186,0.5180503548582301,85.49421377877397
24.358752763271333,-0.0016215828929806797,0.5056741734143354,85.51189403797953
24.397180793682736,-0.0016671321447694438,0.49329799197044066,85.52957429718509
24.43560882409414,-0.0016852981077014044,0.48129863574232806,85.54247440224088
24.474036854505542,-0.0017091422855252793,0.46984082437255786,85.5485048292776
24.51246488491694,-0.0017301877687354872,0.4583830130027887,85.55453525631432
24.550892915328344,-0.0017489774449960466,0.4468390816501886,85.56165845478544
24.589320945739747,-0.0017731950323573752,0.43446319434287867,85.57933829379589
24.62774897615115,-0.0018100554441591065,0.42208730703556874,85.59701813280634
24.666177006562553,-0.0018513071727024254,0.40971141972825875,85.61469797181678
24.704605036973955,-0.0018867114563178823,0.39793211660360467,85.62849250883832
24.74303306738536,-0.001905019082232855,0.3864083599721281,85.6406227789767
24.781461097796758,-0.0019352878905316588,0.3748846033406525,85.6527530491151
24.81988912820816,-0.001961865528800986,0.36359006099782704,85.66734989833695
24.858317158619563,-0.0019791602933378247,0.35263567759316267,85.68560720401139
24.896745189030966,-0.0019890715267925816,0.3416812941884983,85.70386450968583
24.93517321944237,-0.0020306112339541923,0.3308355614489284,85.72068496385357
24.973601249853772,-0.00205884222676298,0.32081607013784474,85.72657878227186
25.012029280265175,-0.0020773334337543634,0.31079657882676104,85.73247260069013
25.050457310676578,-0.0020906758958611792,0.30077708751567733,85.73836641910842
25.088885341087977,-0.002108842638686222,0.2899036539237594,85.7527837043309
25.12731337149938,-0.0021332504154911425,0.2787027776050595,85.77046929851832
25.165741401910783,-0.002165121949349583,0.2675019012863596,85.78815489270575
25.204169432322185,-0.002199907220996674,0.256491852079682,85.80389794213369
25.24259746273359,-0.0022310375651240183,0.2458688198559892,85.81570131127113
25.28102549314499,-0.0022673516496337243,0.2352457876322964,85.82750468040857
25.319453523556394,-0.0022873427096928006,0.2246227554086036,85.839308049546
25.357881553967793,-0.00229998249407448,0.21490422502141898,85.84568485936161
25.396309584379196,-0.0023138662042339977,0.20524202141610082,85.85172373661494
25.4347376147906,-0.0023441103498072166,0.19557981781078265,85.85776261386826
25.473165645202002,-0.0023750738221609015,0.18588407886070332,85.87146735213618
25.511593675613405,-0.0023997778858204357,0.17616860251998118,85.88968387027504
25.550021706024808,-0.002417934165747977,0.16645312617925906,85.90790038841389
25.58844973643621,-0.0024361327037198933,0.15703242801136777,85.92395676265151
25.626877766847613,-0.002476689474696585,0.1481948189203755,85.9357402414395
25.665305797259013,-0.002494324734198838,0.13935720982938404,85.94752372022748
25.703733827670415,-0.0025086552519133012,0.13051960073839175,85.95930719901547
25.74216185808182,-0.002557965604992215,0.12168313170446453,85.97108915772738
25.78058988849322,-0.0025644707010298285,0.11284673388644234,85.98287102148474
25.819017918904624,-0.0025830181644000577,0.10401033606842014,85.9946528852421
25.857445949316027,-0.002605233428332493,0.09544881734050271,86.00650168951357
25.89587397972743,-0.002625241659029454,0.08711571623065507,86.0184061196705
25.93430201013883,-0.002655488687056385,0.0787826151208082,86.03031054982742
25.972730040550232,-0.0026762498162744325,0.07075778024216703,86.04338787206682
26.011158070961635,-0.002691902303113179,0.06408145880756605,86.06159602143391
26.049586101373038,-0.0027058277730994135,0.057405137372965064,86.079804170801
26.08801413178444,-0.002724040474247013,0.050728815938364084,86.0980123201681
26.126442162195843,-0.0027528655100708017,0.04474864480184789,86.10525135519815
26.164870192607246,-0.002776586129317104,0.038853780931220244,86.11114621906879
26.20329822301865,-0.00279197705326896,0.032958917060592605,86.11704108293941
26.24172625343005,-0.002798018139246765,0.02780862917718786,86.12939158924063
26.28015428384145,-0.002821863404635088,0.02340874269205393,86.14824824560549
26.318582314252854,-0.0028466731674397006,0.019008856206920003,86.16710490197035
26.357010344664257,-0.002859722286946663,0.014881873969155943,86.18372708676948
26.39543837507566,-0.0028547459792007345,0.011345194941504596,86.19551601686166
26.433866405487063,-0.0028737652203238606,0.007808515913853249,86.20730494695383
26.472294435898466,-0.002878072888735648,0.004271836886201903,86.21909387704599
26.510722466309865,-0.0028809341012720666,0.0012813016374771584,86.22543739672504
26.549150496721268,-0.0028880270297729454,-0.0016637606548690349,86.23132752130974
26.58757852713267,-0.002900149351992263,-0.004608822947215228,86.23721764589443
26.626006557544073,-0.0028806195982537626,-0.004446083527934137,86.2493234988324
26.664434587955476,-0.002877088781317847,-0.0015009620409519558,86.26699422775428
26.70286261836688,-0.0028875728062427,0.0014441594460302258,86.28466495667618
26.741290648778282,-0.0028936171712768168,0.003922126311261998,86.30155747377476
26.779718679189685,-0.0028879744706975827,0.0033329696007134706,86.31334060798574
26.818146709601084,-0.0028940064493654266,0.0027438128901649977,86.3251237421967
26.856574740012487,-0.0029039060603731808,0.00215465617961647,86.33690687640767
26.89500277042389,-0.002909577464724988,0.002,86.34315145899407
26.933430800835293,-0.002909577464724988,0.002,86.34742464874228
26.971858831246696,-0.002902305951934164,0.002,86.3516978384905
27.0102868616581,-0.0028945937246824217,0.002,86.3559710282387
27.0487148920695,-0.002898612566600657,0.002,86.36024421798692
27.0871429224809,-0.002902631408518892,0.002,86.36451740773512
27.125570952892303,-0.0029066502504371274,0.002,86.36879059748334
27.163998983303706,-0.002910669092355363,0.002,86.37306378723154
27.20242701371511,-0.002914687934273598,0.002,86.37733697697976
27.240855044126512,-0.002921702164981872,0.002,86.39094449358392
27.279283074537915,-0.002909802559461792,0.002,86.41998986942582
27.317711104949318,-0.0029174536087223225,0.002,86.44903524526772
27.35613913536072,-0.002915425356568109,0.002,86.47808062110963
27.39456716577212,-0.002909577464724988,0.002149683047388323,86.50449049142165
27.432995196183523,-0.002909577464724988,0.0027597872051832893,86.5227936161555
27.471423226594926,-0.002909577464724988,0.0033698913629782554,86.54109674088934
27.50985125700633,-0.0029149913294381326,0.0039799955207732215,86.5593998656232
27.54827928741773,-0.002926210703852447,0.0034263034403489564,86.57147393119303
27.586707317829134,-0.0029322709101113516,0.0028331584699855736,86.58333683060029
27.625135348240537,-0.002922968994149811,0.0022400134996221903,86.59519973000755
27.663563378651936,-0.0029174536087223225,0.002,86.6069865511446
27.70199140906334,-0.0029189151225696435,0.002,86.61872166402738
27.740419439474742,-0.002924980077117354,0.002,86.63045677691015
27.778847469886145,-0.0029205270304679546,0.002,86.64219188979291
27.817275500297548,-0.0029226841708009594,0.002,86.65392700267569
27.85570353070895,-0.002934572148856365,0.002,86.66400073265726
27.894131561120354,-0.0029407205063748647,0.002,86.6722925184504
27.932559591531756,-0.002931684151714455,0.002,86.68058430424354
27.970987621943156,-0.0029299676274764006,0.002,86.68887609003667
28.00941565235456,-0.002945594090549546,0.002,86.69716787582982
28.04784368276596,-0.0029491443721298156,0.002,86.71377932068711
28.086271713177364,-0.0029422439330126877,0.002,86.73470647394366
28.124699743588767,-0.0029360867465774154,0.002,86.75563362720021
28.16312777400017,-0.0029363879974033356,0.002,86.77656078045678
28.201555804411573,-0.002942681663743874,0.002,86.7946894828683
28.239983834822976,-0.0029495663123824734,0.002,86.81226783513587
28.278411865234375,-0.0029500791340446152,0.002,86.82984618740343
28.316839895645778,-0.0029538485837039934,0.002258684522350645,86.84258684522351
28.35526792605718,-0.0029537926790294973,0.002871146420535128,86.84871146420535
28.393695956468584,-0.002941082040714327,0.0034836083187196115,86.8548360831872
28.432123986879986,-0.002941082040714327,0.003906330902289548,86.86187338195421
28.47055201729139,-0.0029460865987125146,0.003309176495505589,86.87381647008989
28.508980047702792,-0.0029500791340446152,0.0027120220887216296,86.88575955822557
28.54740807811419,-0.0029492056865628564,0.0021148676819377253,86.89770264636125
28.585836108525594,-0.002942289351380532,0.00248737149571346,86.9146211448714
28.624264138936997,-0.002946784782311613,0.003090821728557774,86.93272465185673
28.6626921693484,-0.0029432927195957143,0.003694271961402089,86.95082815884206
28.701120199759803,-0.0029374381204168866,0.003709407824134785,86.96290592175865
28.739548230171206,-0.002956466796992477,0.003120409356511411,86.96879590643488
28.77797626058261,-0.0029579552780419505,0.002531410888888037,86.97468589111112
28.81640429099401,-0.0029579552780419505,0.002,86.98176052186672
28.85483232140541,-0.0029560228816630516,0.002,86.99976691672626
28.893260351816814,-0.002950184009937948,0.002,87.01777331158578
28.931688382228216,-0.0029562438690529827,0.002,87.03577970644533
28.97011641263962,-0.002948657206760445,0.002,87.04902128445062
29.008544443051022,-0.002943956341400881,0.002,87.06080422484587
29.046972473462425,-0.0029492831192782665,0.002,87.07258716524113
29.085400503873828,-0.002942370674363459,0.0022223784945036994,87.08444756989007
29.123828534285227,-0.0029565551550336557,0.002821968702143354,87.09643937404287
29.16225656469663,-0.002956130008390796,0.003421558909783064,87.10843117819566
29.200684595108033,-0.0029438096276073375,0.003978352321189218,87.12043295357623
29.239112625519436,-0.002956782941895936,0.0033646275981377496,87.13270744803725
29.27754065593084,-0.002952446017361509,0.002750902875086282,87.14498194249828
29.31596868634224,-0.0029500791340446152,0.0021371781520348144,87.1572564369593
29.354396716753644,-0.002951937469583354,0.002,87.17426698028427
29.392824747165047,-0.0029578720917391795,0.002,87.1926408372298
29.431252777576447,-0.0029449102163453442,0.002,87.21101469417533
29.46968080798785,-0.002945960863026484,0.002309545318156351,87.22619090636313
29.508108838399252,-0.0029525313398374347,0.0029153407514177334,87.23830681502835
29.546536868810655,-0.002956609726375231,0.003521136184679115,87.25042272369359
29.584964899222058,-0.002943644019653867,0.0038765318831307026,87.2612346811687
29.62339292963346,-0.0029466243041297783,0.003287266398561948,87.26712733601438
29.661820960044864,-0.0029500791340446152,0.002698000913993193,87.27301999086006
29.700248990456263,-0.002948717088847173,0.0021087354294244925,87.27891264570576
29.738677020867666,-0.00294177997564286,0.002480621426368725,87.29441864279106
29.77710505127907,-0.0029527573651753456,0.0030699989578495974,87.3120999687355
29.81553308169047,-0.0029579552780419505,0.00365937648933047,87.32978129467992
29.853961112101874,-0.0029561570374471366,0.0037432153859994215,87.34770353842002
29.892389142513277,-0.002950100127450045,0.003134810820604638,87.36595567538187
29.93081717292468,-0.0029621499607035908,0.002526406255209855,87.3842078123437
29.969245203336083,-0.0029742796990687025,0.002,87.40080744264998
30.007673233747482,-0.0029792242038774695,0.002,87.40679844165258
30.046101264158885,-0.0029726313019901177,0.002,87.41278944065519
30.084529294570288,-0.0029604737987233318,0.002,87.4187804396578
30.12295732498169,-0.002962764767616804,0.002,87.42962372036361
30.161385355393094,-0.002962883211336108,0.002,87.44170722456502
30.199813385804497,-0.0029579552780419505,0.002,87.45379072876644
30.2382414162159,-0.0029579552780419505,0.002,87.46573067344893
30.2766694466273,-0.0029579552780419505,0.002,87.47751887066143
30.3150974770387,-0.002961525718820838,0.002,87.48930706787392
30.353525507450104,-0.002964121094253192,0.002,87.50109424869936
30.391953537861507,-0.00295804112208443,0.002,87.51287150666882
30.43038156827291,-0.0029698931998105352,0.002,87.52464876463826
30.468809598684313,-0.0029695977151204703,0.002,87.53642602260771
30.507237629095716,-0.0029681820682465956,0.0024148688016122125,87.55244606404837
30.54566565950712,-0.0029727487569526584,0.003010486232237577,87.57031458696713
30.584093689918518,-0.002960612657230321,0.003606103662862887,87.58818310988589
30.62252172032992,-0.0029579552780419505,0.0038003951276828814,87.60399209744634
30.660949750741324,-0.0029579552780419505,0.003211026216708033,87.61577947566583
30.699377781152727,-0.002960124640304271,0.0026216573057331843,87.62756685388534
30.73780581156413,-0.002972242297336146,0.002032288394758336,87.63935423210484
30.776233841975532,-0.0029737370647032768,0.002,87.65670572652525
30.814661872386935,-0.0029737370647032768,0.002,87.67437971720096
30.853089902798335,-0.0029737370647032768,0.002,87.69205370787667
30.891517933209737,-0.0029737370647032768,0.002,87.70331728145078
30.92994596362114,-0.0029619374519983905,0.002,87.70934435980996
30.968373994032543,-0.0029579552780419505,0.002,87.71537143816916
31.006802024443946,-0.002962462525187016,0.002,87.72409810963427
31.04523005485535,-0.0029737370647032768,0.002,87.74175941530336
31.08365808526675,-0.0029737370647032768,0.002,87.75942072097246
31.122086115678155,-0.0029737370647032768,0.002,87.77708202664154
31.160514146089554,-0.0029709006773211205,0.002,87.79014766245888
31.198942176500957,-0.002964842778713364,0.002,87.80230373170677
31.23737020691236,-0.0029587740996961246,0.002,87.81445980095468
31.275798237323762,-0.002963196124724041,0.0023205098085066953,87.82320509808507
31.314226267735165,-0.002962445711685699,0.0029094178897613537,87.8290941788976
31.352654298146568,-0.002961153772552819,0.0034983259710160116,87.83498325971016
31.39108232855797,-0.002973291783344286,0.003912669744083032,87.84261990767752
31.42951035896937,-0.0029737370647032768,0.0033231122019438727,87.86030663394169
31.467938389380773,-0.0029657073465117916,0.0027335546598046584,87.87799336020586
31.506366419792176,-0.002962335852132632,0.0021439971176654446,87.89568008647004
31.54479445020358,-0.0029737370647032768,0.002,87.91337569269568
31.58322248061498,-0.0029737370647032768,0.002,87.93107416876519
31.621650511026385,-0.002978326203647066,0.002,87.9487726448347
31.660078541437787,-0.002981613208700612,0.002,87.96215561221068
31.69850657184919,-0.002977824724239764,0.002,87.96805119841447
31.73693460226059,-0.002953585848447122,0.002,87.97394678461825
31.775362632671992,-0.002960457138884666,0.002,87.97984237082204
31.813790663083395,-0.0029658609207059415,0.002,87.99146605804559
31.852218693494798,-0.002967385959879187,0.002,88.00324710368973
31.8906467239062,-0.002973424143699061,0.002,88.01502814933387
31.929074754317604,-0.002962205970763032,0.002,88.03021285935633
31.967502784729007,-0.0029658457423908744,0.002,88.04788281338503
32.0059308151404,-0.0029737370647032768,0.002,88.06555276741372
32.04435884555181,-0.0029743222064269443,0.0021075519790041807,88.08107551979003
32.08278687596321,-0.002986439206129047,0.002697251882842083,88.08697251882842
32.12121490637462,-0.0029804373173666263,0.0032869517866802034,88.0928695178668
32.159642936786014,-0.002979137534349658,0.0038766516905181054,88.09876651690517
32.198070967197424,-0.0029868607980132237,0.004,88.11449523894362
32.23649899760882,-0.0029687125811970676,0.004,88.13282441614513
32.27492702802023,-0.0029760566329083355,0.004,88.15115359334665
32.313355058431625,-0.0029783806664341085,0.003694621093378061,88.16610757813244
32.35178308884303,-0.0029737370647032768,0.0031043564587285356,88.17791287082542
32.39021111925443,-0.0029737370647032768,0.0025140918240790103,88.18971816351842
32.428639149665834,-0.0029623787195150503,0.002,88.20228812132969
32.46706718007724,-0.002965665949080453,0.002,88.22001881933839
32.50549521048864,-0.0029757724380107885,0.002,88.2377495173471
32.54392324090004,-0.0029813921636308487,0.002,88.25548021535579
32.582351271311445,-0.0029753550135695464,0.002,88.26463419945577
32.62077930172285,-0.0029781769582057165,0.002,88.27085387471935
32.65920733213425,-0.002978990881984746,0.002,88.27707354998293
32.697635362545654,-0.002972941367092747,0.002,88.28934861491723
32.73606339295705,-0.0029668926532630674,0.002,88.30700466471558
32.77449142336845,-0.0029759175482062506,0.002,88.32466071451393
32.812919453779855,-0.002981613208700612,0.002,88.34154629656709
32.85134748419126,-0.002978837687034575,0.002,88.353330615346
32.88977551460266,-0.002966724791733005,0.002,88.3651149341249
32.928203545014064,-0.002977090818269236,0.002,88.37689925290381
32.96663157542547,-0.0029740272214802406,0.002,88.38441240418075
33.00505960583687,-0.0029678335700027273,0.002,88.39040039844708
33.04348763624827,-0.002973444664622747,0.002,88.3963883927134
33.081915666659675,-0.0029613054953146157,0.002,88.40705606278165
33.12034369707108,-0.0029754971649545926,0.002,88.42483585363208
33.15877172748248,-0.0029818271935443765,0.002,88.44261564448252
33.197199757893884,-0.0029665854786513346,0.002,88.46013198066103
33.23562778830529,-0.002972642793259354,0.002,88.46606617104273
33.27405581871669,-0.0029737370647032768,0.002,88.47200036142442
33.312483849128085,-0.0029768695222264995,0.002,88.47793455180611
33.35091187953949,-0.002982932194182521,0.002,88.49176278333032
33.38933990995089,-0.0029889858403692243,0.002,88.50980549393553
33.427767940362294,-0.0029894893526979465,0.002,88.52784820454076
33.4661959707737,-0.0029820578834477713,0.002194436490400958,88.54388872980803
33.5046240011851,-0.0029737370647032768,0.002789957091270963,88.55579914182542
33.5430520315965,-0.0029737370647032768,0.0033854776921409683,88.56770955384282
33.581480062007905,-0.0029737370647032768,0.0039809982930109735,88.57961996586022
33.61990809241931,-0.0029737370647032768,0.0034289719229997143,88.59713084231001
33.65833612283071,-0.0029787283089580414,0.0028391231129465634,88.6148263066116
33.696764153242114,-0.002988816173831992,0.002249274302893413,88.6325217709132
33.73519218365352,-0.0029827622678247133,0.002,88.6434580226798
33.77362021406492,-0.0029767129887669267,0.002,88.6494470515705
33.81204824447632,-0.0029768121047013827,0.002,88.6554360804612
33.850476274887725,-0.002981613208700612,0.0021400586909538265,88.66420176072862
33.88890430529912,-0.002981613208700612,0.0027286560118513683,88.68185968035554
33.927332335710524,-0.002987098765182453,0.0033172533327490194,88.69951759998247
33.96576036612193,-0.0029821656731774215,0.00390585065364667,88.7171755196094
34.00418839653333,-0.0029737370647032768,0.003504786153009629,88.7299042769398
34.04261642694473,-0.002973726298263988,0.00291527712755841,88.74169445744883
34.081044457356136,-0.002967664037256417,0.0023257681021071914,88.75348463795785
34.11947248776754,-0.0029828822171240085,0.0022634600336982804,88.76790380101095
34.15790051817894,-0.002997365496695282,0.002852341219604448,88.78557023658813
34.196328548590344,-0.0029967661678075965,0.003441222405510615,88.80323667216531
34.23475657900175,-0.002990710789062347,0.003969860841086532,88.82030139158913
34.27318460941315,-0.0029846546723493565,0.003380283890036005,88.82619716109964
34.31161263982455,-0.0029846259354114565,0.002790706938985478,88.83209293061014
34.350040670235956,-0.0029894893526979465,0.002201129987934951,88.83798870012065
34.38846870064736,-0.0029894893526979465,0.002,88.84783984415374
34.42689673105876,-0.0029894893526979465,0.002,88.85973900118614
34.46532476147016,-0.002993087235846714,0.002,88.87163815821853
34.50375279188156,-0.0029938100159815034,0.002,88.88525987990427
34.54218082229296,-0.002981707802194541,0.002,88.90295356353509
34.580608852704366,-0.0029876203976779616,0.002,88.92064724716593
34.61903688311577,-0.0029924660503777667,0.002,88.93834093079676
34.65746491352717,-0.0029934149688441037,0.002,88.94533909830547
34.695892943938574,-0.0029894893526979465,0.002,88.9512306223404
34.73432097434998,-0.0029894893526979465,0.002,88.95712214637534
34.77274900476138,-0.00298472272467727,0.002,88.96903954086294
34.81117703517278,-0.002978665220661172,0.002,88.9867112384969
34.849605065584186,-0.0029748596062583103,0.002,89.00438293613087
34.88803309599559,-0.002980914840585804,0.002,89.02137066253171
34.92646112640699,-0.0029923138746027105,0.002,89.03315959262387
34.964889156818394,-0.002997365496695282,0.002,89.04494852271606
35.0033171872298,-0.0029922507706681154,0.002,89.05673745280822
35.04174521764119,-0.0029740737963801288,0.002,89.06853009515028
35.080173248052596,-0.0029856213141151618,0.002,89.08032415795289
35.118601278464,-0.002981251696517355,0.002,89.0921182207555
35.1570293088754,-0.002976031113760244,0.002,89.10391234081423
35.195457339286804,-0.0029825500897931647,0.002,89.11570657622256
35.23388536969821,-0.002994662985094733,0.002,89.1275008116309
35.27231340010961,-0.002983250527208107,0.002,89.13929504703923
35.31074143052101,-0.00298526312185852,0.002,89.15663398453079
35.349169460932416,-0.003001023672088467,0.002,89.17432540237161
35.38759749134382,-0.002976821090357823,0.002,89.19201682021243
35.42602552175522,-0.002989592456307767,0.002,89.20647466976074
35.464453552166624,-0.002997365496695282,0.002,89.21827352424805
35.50288158257803,-0.002994084700377047,0.002,89.23007237873536
35.54130961298943,-0.0029819836402201405,0.00209686768743387,89.242906030623
35.57973764340083,-0.002993344228724238,0.002707656195624583,89.26122968586873
35.618165673812236,-0.002993322392474913,0.0033184447038152962,89.27955334111445
35.65659370422363,-0.0029872646644353807,0.003929233212005897,89.29787699636017
35.695021734635034,-0.0029807948476552855,0.0034786330672920583,89.30521366932707
35.73344976504644,-0.0029687119282041903,0.0028889439508381623,89.31111056049161
35.77187779545784,-0.0029843838059993074,0.0022992548343842667,89.31700745165615
35.81030582586924,-0.0030001759212162434,0.002,89.32870470046419
35.848733856280646,-0.003003270918954673,0.002,89.34637846503892
35.88716188669205,-0.002991159237097944,0.002,89.36405222961365
35.92558991710345,-0.0029894893526979465,0.002057583442777508,89.38115166885555
35.964017947514854,-0.0029894893526979465,0.0026472240208864914,89.39294448041773
36.00244597792626,-0.002987915236061864,0.0032368645989954746,89.40473729197991
36.04087400833766,-0.002981864359907591,0.0038265051771044574,89.41653010354209
36.07930203874906,-0.002999022839328551,0.0035837971474758866,89.42416202852525
36.117730069160466,-0.003005241640692616,0.0029940756676855775,89.43005924332314
36.15615809957187,-0.0030009370426196326,0.0024043541878952684,89.43595645812104
36.19458612998327,-0.0029898261701903064,0.002,89.44556093737137
36.23301416039467,-0.0029958720033234085,0.002,89.46325232284796
36.27144219080607,-0.002997365496695282,0.002,89.48094370832456
36.30987022121747,-0.0029946166055651877,0.002,89.49863509380117
36.348298251628876,-0.002990408749095559,0.002,89.51632743508543
36.38672628204028,-0.0029964654279106737,0.002,89.53401985627595
36.42515431245168,-0.002997365496695282,0.002,89.55171227746646
36.463582342863084,-0.002994037365673534,0.002,89.56313421720728
36.50201037327449,-0.002984967699271342,0.002,89.56903040728804
36.54043840368589,-0.002966809618165235,0.002,89.5749265973688
36.57886643409729,-0.002983075393118108,0.002,89.58164579465068
36.617294464508696,-0.002977752959907162,0.002,89.59343974957727
36.6557224949201,-0.0029679487396208947,0.002,89.60523370450387
36.6941505253315,-0.002974549793228039,0.002,89.61702765943046
36.732578555742904,-0.0029927023351673672,0.002,89.6332298319543
36.77100658615431,-0.002997365496695282,0.002,89.65091730223355
36.8094346165657,-0.002994687678668434,0.002,89.6686047725128
36.847862646977106,-0.0029886409188208344,0.002,89.68209660515778
36.88629067738851,-0.002982608387629597,0.002,89.68799015418969
36.92471870779991,-0.002996825312301297,0.002,89.69388370322159
36.963146738211314,-0.003001989796741415,0.002,89.6997772522535
37.00157476862272,-0.0030002056128014356,0.002,89.71739593257159
37.04000279903412,-0.0030122950336114833,0.002,89.73547517330083
37.07843082944552,-0.0029904704607524872,0.002,89.75355441403008
37.116858859856926,-0.002985458430977471,0.002,89.76765943056469
37.15528689026833,-0.0029894893526979465,0.002,89.77956254200238
37.19371492067973,-0.0029900936550271754,0.002,89.79146565344007
37.232142951091134,-0.0030082408341204413,0.0021420865591322987,89.80426259677397
37.27057098150254,-0.003004277494940542,0.0026441317325168875,89.8193239519755
37.30899901191394,-0.002997365496695282,0.0031461769059014763,89.83438530717704
37.34742704232534,-0.002997365496695282,0.0036482220792860656,89.84944666237858
37.38585507273674,-0.0029923911343034707,0.0038542041098188254,89.86291591780362
37.42428310314814,-0.002985600357122238,0.0033670978264209376,89.87265804347159
37.462711133559544,-0.0029836406454066175,0.0028799915430230503,89.88240016913954
37.50113916397095,-0.0029894893526979465,0.002392885259625163,89.8921422948075
